{
  "epochs": [
    1,
    2,
    3,
    4,
    5,
    6,
    7,
    8,
    9,
    10
  ],
  "safety_losses": [
    0.003029841678806789,
    0.0007490399932057257,
    0.0003679837416562374,
    0.0006288662279282831,
    0.00020718945247991555,
    0.0001824480249111544,
    0.0002824522798072256,
    0.00025222875033280745,
    4.15970733837962e-05,
    0.00030918897434229387
  ],
  "agent_stats": {
    "quadrotor": [
      0.003029841678806789,
      0.0007490399932057257,
      0.0003679837416562374,
      0.0006288662279282831,
      0.00020718945247991555,
      0.0001824480249111544,
      0.0002824522798072256,
      0.00025222875033280745,
      4.15970733837962e-05,
      0.00030918897434229387
    ]
  }
}